utilidad_Almacén, utilidad_Verdurería, utilidad_Panadería, utilidad_Refrigerados,clientes_Almacén, clientes_Verdurería, clientes_Panadería, clientes_Refrigerados,clientes_caja_Autoservicio, clientes_caja_Normal, clientes_caja_Preferencial, clientes_rechazados
5345424.620273, 2456426.236343, 951763.198074, 4220147.986543, 1088.000000, 853.000000, 714.000000, 785.000000, 648.000000, 375.000000, 112.000000, 0.000000
5112024.631372, 2519502.973451, 921516.415273, 4390595.956819, 1102.000000, 884.000000, 703.000000, 816.000000, 632.000000, 402.000000, 120.000000, 0.000000
5062224.094980, 2448109.542080, 898885.590424, 4099413.598072, 1058.000000, 831.000000, 674.000000, 755.000000, 646.000000, 362.000000, 106.000000, 0.000000
4949007.685901, 2223668.115247, 920071.222097, 4240827.935178, 1039.000000, 809.000000, 676.000000, 783.000000, 636.000000, 354.000000, 107.000000, 0.000000
5011352.186119, 2466246.726608, 894661.302477, 4355994.090801, 1057.000000, 842.000000, 650.000000, 808.000000, 646.000000, 341.000000, 124.000000, 0.000000
5247938.009780, 2632687.467114, 935902.659597, 4262682.795502, 1088.000000, 890.000000, 698.000000, 801.000000, 648.000000, 375.000000, 119.000000, 0.000000
5078974.513429, 2361509.034813, 874289.847664, 4243155.438330, 1055.000000, 866.000000, 650.000000, 798.000000, 638.000000, 364.000000, 120.000000, 0.000000
5178685.013510, 1971526.138320, 959408.011897, 4322348.164627, 1077.000000, 853.000000, 695.000000, 794.000000, 626.000000, 377.000000, 116.000000, 0.000000
5049010.805061, 2448914.489930, 892189.469723, 4289670.216987, 1047.000000, 826.000000, 678.000000, 803.000000, 628.000000, 361.000000, 119.000000, 0.000000
5631543.117847, 2169140.503665, 961758.967102, 4258006.041655, 1144.000000, 895.000000, 697.000000, 799.000000, 679.000000, 394.000000, 116.000000, 0.000000
4824196.255597, 2369897.819585, 878331.833966, 4045402.883457, 1028.000000, 810.000000, 648.000000, 732.000000, 628.000000, 353.000000, 113.000000, 0.000000
4746055.265036, 2258468.231097, 852239.117752, 3884264.879591, 1002.000000, 794.000000, 640.000000, 715.000000, 620.000000, 338.000000, 98.000000, 0.000000
5048153.444139, 2455712.231023, 905261.623322, 4098877.835771, 1067.000000, 842.000000, 677.000000, 785.000000, 649.000000, 358.000000, 115.000000, 0.000000
4903894.187585, 2460786.912228, 829098.596165, 4107946.502742, 1035.000000, 832.000000, 654.000000, 776.000000, 624.000000, 357.000000, 115.000000, 0.000000
5075805.130456, 2314258.216438, 876267.813909, 4074864.811032, 1019.000000, 818.000000, 639.000000, 746.000000, 617.000000, 348.000000, 109.000000, 0.000000
4857238.550055, 2368729.884942, 835271.837768, 4066511.589340, 1036.000000, 801.000000, 630.000000, 745.000000, 626.000000, 351.000000, 109.000000, 0.000000
5049314.269920, 2175632.264798, 893673.301009, 3939316.867201, 1036.000000, 815.000000, 704.000000, 730.000000, 622.000000, 356.000000, 101.000000, 0.000000
4688160.325494, 2367188.082309, 856907.081366, 4056663.135133, 991.000000, 790.000000, 624.000000, 765.000000, 611.000000, 330.000000, 107.000000, 0.000000
5033306.220128, 2296170.740605, 912293.768733, 4239298.357697, 1039.000000, 817.000000, 652.000000, 771.000000, 623.000000, 357.000000, 110.000000, 0.000000
5096508.390794, 2488413.817601, 853611.625553, 4054756.600279, 1049.000000, 842.000000, 644.000000, 768.000000, 645.000000, 359.000000, 103.000000, 0.000000
4934412.363899, 2137965.078641, 856272.664163, 4157373.547299, 1053.000000, 834.000000, 653.000000, 772.000000, 640.000000, 355.000000, 109.000000, 0.000000
5114161.565441, 2389129.472397, 913479.108181, 4138526.322532, 1027.000000, 833.000000, 668.000000, 788.000000, 616.000000, 364.000000, 112.000000, 0.000000
4799522.502374, 2357703.675795, 869883.397586, 3956116.858821, 978.000000, 798.000000, 622.000000, 732.000000, 596.000000, 323.000000, 116.000000, 0.000000
5649025.192863, 2351399.286080, 916506.403479, 4556825.957661, 1142.000000, 883.000000, 715.000000, 844.000000, 687.000000, 406.000000, 108.000000, 0.000000
4844296.186726, 2352870.904903, 829441.669449, 4127276.053830, 1016.000000, 784.000000, 667.000000, 760.000000, 615.000000, 346.000000, 111.000000, 0.000000
5292412.258684, 2326856.392573, 923181.118929, 4217275.950470, 1099.000000, 877.000000, 691.000000, 777.000000, 652.000000, 379.000000, 111.000000, 0.000000
5031265.780094, 2115799.365366, 856660.805258, 4212790.113033, 1055.000000, 844.000000, 652.000000, 769.000000, 620.000000, 381.000000, 113.000000, 0.000000
5095447.267175, 2518668.679774, 940599.927969, 4489699.079794, 1082.000000, 851.000000, 689.000000, 810.000000, 667.000000, 366.000000, 111.000000, 0.000000
5145262.642282, 2399645.186314, 893970.026520, 4108552.451848, 1045.000000, 812.000000, 672.000000, 753.000000, 619.000000, 360.000000, 115.000000, 0.000000
5313468.238547, 2183326.365788, 944904.869376, 4667706.727898, 1104.000000, 873.000000, 683.000000, 844.000000, 664.000000, 394.000000, 105.000000, 0.000000
5228554.728055, 1970371.341510, 900712.580820, 4252161.391051, 1091.000000, 862.000000, 659.000000, 794.000000, 662.000000, 375.000000, 108.000000, 0.000000
4877156.840263, 2310910.025793, 895385.671035, 3944492.786047, 1032.000000, 808.000000, 662.000000, 732.000000, 625.000000, 350.000000, 114.000000, 0.000000
5017295.245447, 2392927.354863, 896443.174595, 3989075.243698, 1035.000000, 825.000000, 662.000000, 767.000000, 641.000000, 351.000000, 105.000000, 0.000000
5167823.791314, 2247105.909947, 910880.655355, 4374965.308026, 1086.000000, 869.000000, 684.000000, 822.000000, 645.000000, 388.000000, 110.000000, 0.000000
5575352.443236, 2665515.926746, 888629.883810, 4643288.425317, 1135.000000, 912.000000, 689.000000, 867.000000, 676.000000, 411.000000, 123.000000, 0.000000
4931278.073535, 2387574.526985, 921906.197884, 4222383.202691, 1048.000000, 840.000000, 679.000000, 783.000000, 637.000000, 360.000000, 105.000000, 0.000000
4979113.122705, 2346290.515624, 899688.364158, 4193803.182543, 1057.000000, 815.000000, 668.000000, 780.000000, 622.000000, 365.000000, 112.000000, 0.000000
4935387.249924, 2388334.468159, 892896.082413, 4116864.486989, 1032.000000, 828.000000, 657.000000, 768.000000, 622.000000, 366.000000, 104.000000, 0.000000
5316366.603257, 2287470.531886, 1015185.989021, 4491641.888693, 1131.000000, 889.000000, 726.000000, 834.000000, 689.000000, 382.000000, 114.000000, 0.000000
5317270.996969, 2505399.408048, 908130.680146, 4467706.465896, 1105.000000, 866.000000, 683.000000, 830.000000, 671.000000, 377.000000, 114.000000, 0.000000
5200330.165256, 2415762.964611, 961381.474105, 4437522.163382, 1077.000000, 856.000000, 706.000000, 811.000000, 657.000000, 355.000000, 121.000000, 0.000000
5265619.143936, 2432226.810207, 900477.215875, 4375403.496563, 1085.000000, 819.000000, 676.000000, 799.000000, 654.000000, 383.000000, 106.000000, 0.000000
5144301.773646, 2355205.782554, 916892.338216, 4209786.796756, 1069.000000, 812.000000, 673.000000, 779.000000, 646.000000, 372.000000, 112.000000, 0.000000
5139935.215868, 2474315.215834, 978105.777076, 4432807.300934, 1055.000000, 833.000000, 686.000000, 800.000000, 649.000000, 369.000000, 105.000000, 0.000000
5089706.266683, 2439114.632259, 906127.123777, 4132585.505564, 1050.000000, 841.000000, 667.000000, 780.000000, 647.000000, 354.000000, 103.000000, 0.000000
4922163.223010, 2205963.383254, 880793.118048, 4090265.473064, 1048.000000, 830.000000, 665.000000, 753.000000, 636.000000, 362.000000, 107.000000, 0.000000
4976553.074156, 2410003.693065, 887521.825277, 4324432.649042, 1070.000000, 820.000000, 666.000000, 802.000000, 643.000000, 367.000000, 109.000000, 0.000000
5163772.185425, 2041734.817809, 821392.521490, 4381826.252091, 1082.000000, 850.000000, 685.000000, 805.000000, 654.000000, 369.000000, 108.000000, 0.000000
5231304.540681, 2424336.344117, 882203.272991, 4311546.807654, 1061.000000, 847.000000, 686.000000, 781.000000, 660.000000, 357.000000, 113.000000, 0.000000
4972331.133091, 2337016.750586, 834956.577663, 4094796.584353, 1026.000000, 825.000000, 631.000000, 755.000000, 624.000000, 338.000000, 114.000000, 0.000000
5112516.140868, 2384618.842357, 869522.928592, 4264483.886166, 1064.000000, 829.000000, 647.000000, 788.000000, 644.000000, 374.000000, 109.000000, 0.000000
5343293.280761, 2411150.177006, 914620.654077, 4564620.691938, 1121.000000, 884.000000, 700.000000, 829.000000, 675.000000, 389.000000, 123.000000, 0.000000
4913745.954207, 2420813.619985, 894546.584475, 4238502.169017, 1063.000000, 828.000000, 655.000000, 787.000000, 641.000000, 373.000000, 111.000000, 0.000000
5190087.363587, 2393235.874007, 922522.468539, 4109157.909144, 1065.000000, 823.000000, 697.000000, 775.000000, 628.000000, 376.000000, 111.000000, 0.000000
5037733.038019, 2421453.998778, 869376.022865, 4282207.225378, 1056.000000, 823.000000, 650.000000, 784.000000, 643.000000, 375.000000, 105.000000, 0.000000
5205609.768206, 2428766.649794, 979633.919723, 4324340.107434, 1110.000000, 857.000000, 710.000000, 799.000000, 650.000000, 383.000000, 131.000000, 0.000000
5127898.319755, 2159224.239292, 946378.936493, 4304745.775083, 1078.000000, 864.000000, 706.000000, 800.000000, 657.000000, 366.000000, 117.000000, 0.000000
5219691.212800, 2232856.848324, 953168.218988, 4034929.021693, 1065.000000, 834.000000, 681.000000, 761.000000, 626.000000, 352.000000, 125.000000, 0.000000
5559380.006691, 2301876.067300, 916347.585429, 4523130.536785, 1111.000000, 877.000000, 715.000000, 823.000000, 645.000000, 395.000000, 127.000000, 0.000000
5132493.169818, 2352600.346508, 940899.108183, 4308623.441574, 1061.000000, 824.000000, 658.000000, 787.000000, 633.000000, 368.000000, 120.000000, 0.000000
5011434.251232, 2079444.556909, 882907.342982, 4020656.967009, 1035.000000, 796.000000, 653.000000, 741.000000, 628.000000, 340.000000, 112.000000, 0.000000
5245196.939016, 2464510.391752, 853419.718251, 4230701.260609, 1080.000000, 835.000000, 673.000000, 784.000000, 630.000000, 382.000000, 111.000000, 0.000000
4869743.601788, 2288730.226036, 855016.914571, 4180501.861281, 1039.000000, 837.000000, 660.000000, 768.000000, 624.000000, 360.000000, 108.000000, 0.000000
4973583.428540, 2405288.429379, 850890.223508, 4186812.898982, 1050.000000, 828.000000, 633.000000, 799.000000, 616.000000, 387.000000, 113.000000, 0.000000
5202700.527857, 2532981.981367, 987048.945531, 4403465.409443, 1096.000000, 870.000000, 708.000000, 798.000000, 649.000000, 380.000000, 121.000000, 0.000000
5084794.403636, 2318654.187071, 918592.495537, 4101501.977227, 1036.000000, 813.000000, 684.000000, 771.000000, 616.000000, 358.000000, 122.000000, 0.000000
4668342.306669, 2010957.711904, 847443.380548, 3808203.848528, 1000.000000, 797.000000, 637.000000, 725.000000, 631.000000, 317.000000, 103.000000, 0.000000
4946370.965565, 2313860.330766, 862176.253530, 4076350.722395, 1028.000000, 786.000000, 642.000000, 760.000000, 615.000000, 339.000000, 111.000000, 0.000000
5012919.488199, 2426153.484103, 872065.504776, 4078285.695873, 1050.000000, 836.000000, 668.000000, 788.000000, 647.000000, 358.000000, 100.000000, 0.000000
5262470.353925, 2520026.330810, 930456.842300, 4238859.350787, 1087.000000, 882.000000, 707.000000, 798.000000, 658.000000, 373.000000, 115.000000, 0.000000
4843026.381586, 2232336.387750, 853849.865979, 3933395.770614, 1024.000000, 792.000000, 625.000000, 745.000000, 606.000000, 359.000000, 105.000000, 0.000000
4918724.794848, 2394991.816053, 901468.339145, 4297056.405512, 1038.000000, 820.000000, 650.000000, 799.000000, 622.000000, 370.000000, 105.000000, 0.000000
5215691.154085, 2379113.347880, 939274.196279, 4190272.968392, 1073.000000, 827.000000, 684.000000, 778.000000, 646.000000, 358.000000, 118.000000, 0.000000
4430521.407150, 2264258.392041, 808897.187883, 3673681.496894, 950.000000, 754.000000, 611.000000, 690.000000, 573.000000, 327.000000, 99.000000, 0.000000
5202669.764977, 2365779.899271, 903312.169000, 4264182.059429, 1081.000000, 888.000000, 670.000000, 774.000000, 638.000000, 385.000000, 112.000000, 0.000000
4864793.957402, 2433260.545528, 880441.117451, 4157366.284473, 1040.000000, 825.000000, 651.000000, 762.000000, 634.000000, 354.000000, 107.000000, 0.000000
5041125.239336, 2371023.970486, 849850.126232, 4124738.443381, 1047.000000, 805.000000, 657.000000, 771.000000, 630.000000, 352.000000, 115.000000, 0.000000
5187417.229012, 2442967.437333, 861997.125518, 4280405.260221, 1054.000000, 833.000000, 624.000000, 797.000000, 641.000000, 365.000000, 108.000000, 0.000000
5194824.761065, 2566840.927419, 920644.006495, 4495680.814963, 1121.000000, 877.000000, 751.000000, 810.000000, 669.000000, 396.000000, 110.000000, 0.000000
5006952.613736, 2440342.520503, 905993.562684, 4074578.621988, 1039.000000, 812.000000, 657.000000, 744.000000, 628.000000, 357.000000, 108.000000, 0.000000
5109384.143246, 2076844.247133, 900498.636324, 4131087.664952, 1043.000000, 832.000000, 666.000000, 765.000000, 649.000000, 348.000000, 110.000000, 0.000000
4924813.861373, 2339670.218913, 857527.715166, 4243293.854982, 1024.000000, 802.000000, 622.000000, 799.000000, 614.000000, 353.000000, 112.000000, 0.000000
4831081.765665, 2353904.413431, 876390.380281, 4185172.832314, 1008.000000, 816.000000, 642.000000, 782.000000, 609.000000, 357.000000, 103.000000, 0.000000
4874140.105332, 2265861.516754, 911025.817951, 4237957.906358, 1051.000000, 845.000000, 691.000000, 785.000000, 649.000000, 357.000000, 104.000000, 0.000000
5039543.661637, 2405438.383522, 953761.668423, 4186040.879286, 1044.000000, 806.000000, 694.000000, 782.000000, 630.000000, 374.000000, 107.000000, 0.000000
5193693.243289, 2396212.413104, 941364.475251, 4210639.592925, 1070.000000, 855.000000, 669.000000, 783.000000, 644.000000, 377.000000, 112.000000, 0.000000
5006515.736942, 2283310.163052, 816080.602314, 3871713.485685, 1020.000000, 789.000000, 636.000000, 723.000000, 626.000000, 342.000000, 102.000000, 0.000000
5044866.603150, 2394504.257853, 909813.146180, 4174266.751500, 1057.000000, 836.000000, 686.000000, 761.000000, 638.000000, 359.000000, 122.000000, 0.000000
5187388.133670, 2495075.248425, 960150.490652, 4447238.313030, 1089.000000, 857.000000, 708.000000, 818.000000, 650.000000, 373.000000, 120.000000, 0.000000
5059443.431618, 2438340.146953, 929979.278687, 4008982.770716, 1054.000000, 830.000000, 693.000000, 750.000000, 642.000000, 353.000000, 109.000000, 0.000000
5646812.985143, 2273446.074567, 906728.694708, 4627687.427807, 1141.000000, 877.000000, 681.000000, 844.000000, 686.000000, 396.000000, 109.000000, 0.000000
4859862.335627, 2367779.734345, 871778.610914, 4278377.177661, 1052.000000, 810.000000, 650.000000, 799.000000, 641.000000, 339.000000, 112.000000, 0.000000
4995417.199414, 2399488.350188, 875693.508915, 4019018.380799, 1034.000000, 819.000000, 658.000000, 733.000000, 628.000000, 348.000000, 111.000000, 0.000000
4774688.428264, 2392892.115699, 854969.858117, 4049987.347396, 1018.000000, 802.000000, 646.000000, 750.000000, 618.000000, 347.000000, 108.000000, 0.000000
5060911.659051, 2188360.333638, 896374.670044, 4394666.258438, 1074.000000, 853.000000, 676.000000, 801.000000, 652.000000, 375.000000, 106.000000, 0.000000
4978151.144952, 2411039.815370, 902228.236338, 4308963.053497, 1070.000000, 848.000000, 667.000000, 785.000000, 651.000000, 372.000000, 105.000000, 0.000000
4871326.790752, 2440154.566542, 868004.045337, 4166931.037040, 1052.000000, 829.000000, 660.000000, 792.000000, 637.000000, 360.000000, 102.000000, 0.000000
5054804.228213, 2375206.052011, 893355.497155, 4099716.349118, 1049.000000, 794.000000, 665.000000, 759.000000, 630.000000, 362.000000, 105.000000, 0.000000
5144338.629777, 2142416.582776, 877835.324373, 4106549.850577, 1053.000000, 859.000000, 666.000000, 768.000000, 615.000000, 368.000000, 126.000000, 0.000000
5108947.018170, 2316449.944197, 870700.710431, 4038580.588775, 1042.000000, 816.000000, 663.000000, 741.000000, 606.000000, 367.000000, 124.000000, 0.000000
4939708.745333, 2396068.583824, 841898.765678, 4075617.951275, 1022.000000, 795.000000, 626.000000, 755.000000, 624.000000, 331.000000, 112.000000, 0.000000
5098906.678611, 2370954.498662, 966922.620801, 4235857.449612, 1077.000000, 847.000000, 678.000000, 791.000000, 659.000000, 369.000000, 109.000000, 0.000000
5092592.253240, 2323639.086521, 897451.993392, 4290939.769321, 1046.000000, 822.000000, 671.000000, 766.000000, 627.000000, 350.000000, 119.000000, 0.000000
5167346.097679, 2104751.326938, 895205.247057, 4012157.692420, 1069.000000, 831.000000, 664.000000, 752.000000, 630.000000, 382.000000, 104.000000, 0.000000
4943176.986184, 2225849.584779, 877014.084580, 3984321.902797, 1034.000000, 799.000000, 632.000000, 745.000000, 633.000000, 345.000000, 109.000000, 0.000000
4951864.507162, 2330810.117395, 880005.948260, 4059141.351574, 1031.000000, 817.000000, 697.000000, 755.000000, 623.000000, 354.000000, 110.000000, 0.000000
5060001.916234, 2381518.540459, 933009.264411, 4036995.723531, 1047.000000, 828.000000, 665.000000, 758.000000, 627.000000, 359.000000, 112.000000, 0.000000
5174785.057913, 2024562.326563, 899506.239816, 4215793.540064, 1057.000000, 830.000000, 664.000000, 788.000000, 632.000000, 363.000000, 109.000000, 0.000000
4900552.310588, 2330130.137537, 846424.427957, 4101735.798583, 1041.000000, 810.000000, 636.000000, 758.000000, 624.000000, 349.000000, 107.000000, 0.000000
4934743.745086, 2390873.316228, 951762.989136, 4298828.222893, 1038.000000, 830.000000, 692.000000, 793.000000, 632.000000, 357.000000, 115.000000, 0.000000
5162377.452733, 2399256.554991, 831656.009185, 4077663.912763, 1055.000000, 807.000000, 622.000000, 761.000000, 624.000000, 361.000000, 111.000000, 0.000000
5097035.081317, 2448272.787819, 893925.035695, 4060224.599289, 1047.000000, 814.000000, 670.000000, 755.000000, 638.000000, 362.000000, 104.000000, 0.000000
4970415.760499, 2339227.561235, 912686.136785, 4156789.941743, 1022.000000, 807.000000, 682.000000, 763.000000, 609.000000, 370.000000, 111.000000, 0.000000
4958873.803417, 2442239.737254, 885559.763190, 4172316.396435, 1035.000000, 824.000000, 662.000000, 758.000000, 624.000000, 363.000000, 111.000000, 0.000000
5308231.685839, 2241914.143414, 889511.855286, 4355406.577740, 1100.000000, 836.000000, 681.000000, 807.000000, 656.000000, 376.000000, 123.000000, 0.000000
4940430.742414, 2322818.737730, 865301.071265, 4247619.407757, 1040.000000, 802.000000, 648.000000, 779.000000, 622.000000, 371.000000, 108.000000, 0.000000
5026726.572868, 2258802.848658, 870518.170166, 4220277.044825, 1042.000000, 810.000000, 651.000000, 783.000000, 633.000000, 363.000000, 107.000000, 0.000000
4864984.936092, 2360179.623174, 884268.931893, 4009537.848919, 1009.000000, 806.000000, 638.000000, 739.000000, 629.000000, 330.000000, 106.000000, 0.000000
4969595.649886, 2345908.866620, 900961.979190, 4310275.389217, 1043.000000, 846.000000, 696.000000, 786.000000, 649.000000, 342.000000, 111.000000, 0.000000
4891186.248814, 2360171.878182, 852432.763017, 3827396.863512, 1016.000000, 790.000000, 621.000000, 738.000000, 622.000000, 339.000000, 105.000000, 0.000000
5159108.771339, 2482751.469543, 911549.438873, 4250070.025647, 1078.000000, 862.000000, 688.000000, 795.000000, 675.000000, 349.000000, 106.000000, 0.000000
5379656.869453, 2431174.927369, 900161.809449, 4380247.299297, 1104.000000, 918.000000, 683.000000, 821.000000, 650.000000, 404.000000, 110.000000, 0.000000
4889246.975219, 2519083.313228, 917073.091802, 4419943.711964, 1043.000000, 839.000000, 684.000000, 784.000000, 630.000000, 367.000000, 112.000000, 0.000000
5051450.098341, 2261912.280709, 990052.405247, 4196948.294857, 1061.000000, 845.000000, 703.000000, 805.000000, 643.000000, 354.000000, 114.000000, 0.000000
5536738.423778, 2383188.907746, 923525.901414, 4466508.612498, 1142.000000, 898.000000, 728.000000, 824.000000, 698.000000, 380.000000, 121.000000, 0.000000
4989425.943553, 2257467.193714, 892193.244402, 4254814.432634, 1029.000000, 795.000000, 668.000000, 780.000000, 616.000000, 358.000000, 107.000000, 0.000000
5148069.273940, 2410869.040486, 914565.558559, 4326315.618296, 1069.000000, 839.000000, 667.000000, 800.000000, 656.000000, 350.000000, 106.000000, 0.000000
5028293.540339, 2589657.291955, 925282.890065, 4389576.657861, 1063.000000, 852.000000, 688.000000, 816.000000, 654.000000, 366.000000, 110.000000, 0.000000
5175175.814870, 2432983.110007, 896483.802886, 4214059.500506, 1052.000000, 836.000000, 684.000000, 778.000000, 624.000000, 362.000000, 121.000000, 0.000000
5274975.074903, 2454764.101113, 899124.410445, 4293691.472573, 1081.000000, 842.000000, 674.000000, 805.000000, 639.000000, 375.000000, 109.000000, 0.000000
4877920.424130, 2486228.984749, 903428.336593, 4115551.744083, 1031.000000, 845.000000, 665.000000, 750.000000, 634.000000, 354.000000, 110.000000, 0.000000
5053450.336684, 2419753.068742, 886809.419297, 4146266.886479, 1035.000000, 829.000000, 660.000000, 769.000000, 627.000000, 356.000000, 109.000000, 0.000000
5108808.508800, 2415587.329868, 891553.487484, 4003758.308454, 1046.000000, 809.000000, 663.000000, 747.000000, 633.000000, 347.000000, 113.000000, 0.000000
4852269.816806, 2399744.943245, 853350.788707, 4134321.487219, 1029.000000, 821.000000, 650.000000, 759.000000, 628.000000, 355.000000, 101.000000, 0.000000
5229950.504843, 2103602.890805, 897255.061943, 4344559.197756, 1093.000000, 901.000000, 678.000000, 797.000000, 664.000000, 380.000000, 113.000000, 0.000000
5250774.214603, 2452427.633281, 886972.809097, 4260911.632334, 1054.000000, 846.000000, 632.000000, 801.000000, 632.000000, 377.000000, 105.000000, 0.000000
4853991.544820, 2341868.997926, 831170.696323, 4290609.374048, 1014.000000, 811.000000, 625.000000, 761.000000, 617.000000, 340.000000, 103.000000, 0.000000
5025475.202640, 2412431.373134, 895216.090130, 4096888.991865, 1032.000000, 808.000000, 660.000000, 778.000000, 644.000000, 329.000000, 114.000000, 0.000000
4669481.256558, 2271832.397675, 835641.835491, 4042847.936776, 1017.000000, 773.000000, 632.000000, 754.000000, 627.000000, 340.000000, 102.000000, 0.000000
5412662.381229, 2097147.960289, 977639.348756, 4283427.386218, 1114.000000, 866.000000, 730.000000, 798.000000, 667.000000, 392.000000, 113.000000, 0.000000
5231514.338671, 2362392.655420, 889176.915700, 4219558.572590, 1066.000000, 849.000000, 667.000000, 799.000000, 641.000000, 380.000000, 108.000000, 0.000000
5051852.654344, 2458484.586120, 903074.831095, 4263347.332905, 1053.000000, 830.000000, 664.000000, 783.000000, 648.000000, 353.000000, 110.000000, 0.000000
5018706.812698, 2559899.649753, 898093.976814, 4112938.310121, 1066.000000, 871.000000, 665.000000, 762.000000, 655.000000, 360.000000, 112.000000, 0.000000
5162552.071579, 2414076.739700, 927875.824359, 4235223.678664, 1084.000000, 834.000000, 683.000000, 808.000000, 657.000000, 358.000000, 112.000000, 0.000000
5183940.948650, 2359195.998432, 871433.274693, 3974522.765056, 1015.000000, 798.000000, 670.000000, 762.000000, 618.000000, 348.000000, 109.000000, 0.000000
5008127.811307, 2346289.527079, 849139.616888, 4346112.365938, 1041.000000, 808.000000, 640.000000, 787.000000, 623.000000, 359.000000, 108.000000, 0.000000
4853720.765037, 2065038.759347, 897625.546970, 4128739.114103, 1043.000000, 828.000000, 676.000000, 764.000000, 635.000000, 364.000000, 108.000000, 0.000000
5362703.111312, 2370312.336877, 943488.222259, 4247102.481194, 1097.000000, 866.000000, 704.000000, 789.000000, 644.000000, 380.000000, 120.000000, 0.000000
5165568.060988, 2517842.483798, 892728.254590, 4053160.938300, 1050.000000, 863.000000, 659.000000, 759.000000, 626.000000, 369.000000, 109.000000, 0.000000
5000232.680530, 2397107.769744, 849105.772816, 4019598.081253, 1039.000000, 821.000000, 657.000000, 744.000000, 616.000000, 366.000000, 113.000000, 0.000000
4569990.651536, 2299922.612730, 818581.478560, 4093861.424097, 977.000000, 765.000000, 596.000000, 735.000000, 607.000000, 322.000000, 100.000000, 0.000000
4773149.145475, 2276746.353073, 935980.091249, 4074830.279063, 1007.000000, 788.000000, 660.000000, 754.000000, 606.000000, 353.000000, 102.000000, 0.000000
5319140.477200, 2387413.005599, 970122.405759, 4222842.093925, 1081.000000, 856.000000, 703.000000, 794.000000, 679.000000, 358.000000, 98.000000, 0.000000
4972737.607937, 2220924.116830, 869056.896951, 4447567.744102, 1042.000000, 808.000000, 653.000000, 800.000000, 627.000000, 353.000000, 115.000000, 0.000000
5290206.951235, 2446412.391853, 930361.489902, 4291063.634492, 1078.000000, 846.000000, 706.000000, 777.000000, 645.000000, 375.000000, 112.000000, 0.000000
5049551.959659, 2291913.714114, 918708.548727, 4075529.874072, 1039.000000, 826.000000, 673.000000, 763.000000, 627.000000, 376.000000, 104.000000, 0.000000
5296032.368051, 2396913.360924, 948979.601405, 4159531.286606, 1073.000000, 824.000000, 705.000000, 801.000000, 655.000000, 358.000000, 116.000000, 0.000000
4973183.483635, 2350688.315310, 840403.171145, 4153519.085782, 1033.000000, 811.000000, 643.000000, 770.000000, 627.000000, 346.000000, 107.000000, 0.000000
4852436.394729, 2353432.846604, 871058.709306, 3973495.911819, 1008.000000, 799.000000, 647.000000, 727.000000, 611.000000, 339.000000, 115.000000, 0.000000
5362296.226167, 2492256.372539, 876423.480378, 4267129.160746, 1090.000000, 852.000000, 663.000000, 798.000000, 642.000000, 396.000000, 108.000000, 0.000000
5019130.218509, 2472841.020510, 909432.349311, 4271324.453501, 1078.000000, 868.000000, 694.000000, 807.000000, 649.000000, 376.000000, 118.000000, 0.000000
5245638.847248, 2479789.681014, 943192.041656, 4163370.930287, 1071.000000, 868.000000, 703.000000, 792.000000, 659.000000, 369.000000, 110.000000, 0.000000
5423302.329132, 2310265.695601, 879147.548434, 4614464.992192, 1132.000000, 900.000000, 705.000000, 852.000000, 655.000000, 420.000000, 124.000000, 0.000000
5062513.554883, 2361300.273503, 870660.105559, 4190874.212655, 1075.000000, 814.000000, 644.000000, 779.000000, 649.000000, 376.000000, 101.000000, 0.000000
4917977.846658, 2370303.993786, 903496.983186, 3947365.357939, 1055.000000, 829.000000, 662.000000, 751.000000, 647.000000, 353.000000, 111.000000, 0.000000
4843889.457415, 2132460.183122, 877303.831171, 4016960.789955, 1011.000000, 789.000000, 638.000000, 761.000000, 622.000000, 342.000000, 107.000000, 0.000000
4927292.691186, 2284795.509859, 840220.368414, 4170289.896720, 1032.000000, 830.000000, 633.000000, 753.000000, 620.000000, 355.000000, 112.000000, 0.000000
5329827.517543, 2249892.600059, 959384.043677, 4457286.839218, 1082.000000, 861.000000, 712.000000, 818.000000, 660.000000, 368.000000, 112.000000, 0.000000
4624222.249638, 2283366.799625, 840425.206163, 4062376.948674, 979.000000, 763.000000, 611.000000, 732.000000, 609.000000, 328.000000, 94.000000, 0.000000
5326642.850740, 2468530.961063, 900422.457350, 4203732.860549, 1064.000000, 845.000000, 663.000000, 782.000000, 643.000000, 361.000000, 112.000000, 0.000000
5303649.379178, 2550717.549980, 895473.654467, 4286047.833322, 1105.000000, 863.000000, 682.000000, 789.000000, 656.000000, 381.000000, 117.000000, 0.000000
5145502.577306, 2584116.866870, 843684.046357, 4495091.374428, 1097.000000, 868.000000, 701.000000, 827.000000, 669.000000, 384.000000, 105.000000, 0.000000
5186120.140434, 2449838.522231, 911614.718276, 4209076.397134, 1055.000000, 828.000000, 663.000000, 784.000000, 632.000000, 372.000000, 103.000000, 0.000000
5281842.278739, 2558684.396648, 938235.816631, 4335235.506193, 1117.000000, 872.000000, 719.000000, 838.000000, 672.000000, 391.000000, 109.000000, 0.000000
5060983.714043, 2399843.623246, 909096.744628, 4219675.359671, 1055.000000, 848.000000, 683.000000, 779.000000, 661.000000, 358.000000, 102.000000, 0.000000
5027933.479363, 2452818.512261, 903072.958950, 4272615.915846, 1063.000000, 841.000000, 671.000000, 799.000000, 635.000000, 369.000000, 104.000000, 0.000000
5064368.811169, 2496740.666029, 872544.172547, 4336890.505795, 1077.000000, 851.000000, 650.000000, 791.000000, 650.000000, 362.000000, 99.000000, 0.000000
5264907.580522, 2601599.929527, 916436.100258, 4382298.143913, 1089.000000, 858.000000, 695.000000, 815.000000, 660.000000, 379.000000, 107.000000, 0.000000
4825459.566263, 2375167.341502, 916466.348244, 4015653.757957, 1013.000000, 810.000000, 640.000000, 743.000000, 606.000000, 353.000000, 109.000000, 0.000000
4962739.092788, 2467786.655176, 922590.550842, 4102776.445899, 1068.000000, 861.000000, 675.000000, 782.000000, 645.000000, 375.000000, 113.000000, 0.000000
4825674.981617, 2301744.864358, 853445.462706, 4024155.402948, 1012.000000, 792.000000, 675.000000, 756.000000, 609.000000, 359.000000, 103.000000, 0.000000
4973869.334581, 2475584.731637, 841204.047532, 4336153.088667, 1052.000000, 844.000000, 633.000000, 794.000000, 640.000000, 367.000000, 99.000000, 0.000000
5075178.217636, 2350868.895231, 867158.901578, 4039719.805810, 1028.000000, 817.000000, 664.000000, 740.000000, 595.000000, 364.000000, 111.000000, 0.000000
4860186.368669, 2308609.530651, 837231.896580, 4043935.806495, 1007.000000, 786.000000, 624.000000, 753.000000, 616.000000, 339.000000, 106.000000, 0.000000
4936988.623294, 2342574.070951, 943511.240925, 4247229.064463, 1058.000000, 830.000000, 696.000000, 789.000000, 648.000000, 351.000000, 116.000000, 0.000000
4902105.744586, 2274377.138798, 808991.488274, 3974524.570651, 1007.000000, 781.000000, 617.000000, 734.000000, 623.000000, 343.000000, 98.000000, 0.000000
5525817.997411, 2687425.418656, 958706.043559, 4598954.907503, 1135.000000, 919.000000, 707.000000, 844.000000, 685.000000, 394.000000, 120.000000, 0.000000
5343535.911442, 2520295.244930, 945651.162859, 4281262.304394, 1113.000000, 862.000000, 694.000000, 801.000000, 656.000000, 380.000000, 119.000000, 0.000000
5187916.050779, 2589939.904187, 893834.757502, 4288035.150058, 1083.000000, 867.000000, 684.000000, 793.000000, 640.000000, 389.000000, 121.000000, 0.000000
5267001.567763, 2588619.639232, 885997.841386, 4292583.746825, 1105.000000, 880.000000, 656.000000, 795.000000, 635.000000, 397.000000, 118.000000, 0.000000
5123057.464853, 2464235.732427, 904948.783489, 4126611.486148, 1070.000000, 852.000000, 679.000000, 764.000000, 638.000000, 362.000000, 115.000000, 0.000000
5254056.379443, 2433814.754044, 927624.929457, 3976953.635944, 1069.000000, 837.000000, 677.000000, 785.000000, 654.000000, 361.000000, 109.000000, 0.000000
5069605.691231, 2502303.579581, 896793.474649, 4197915.485020, 1068.000000, 849.000000, 660.000000, 792.000000, 658.000000, 370.000000, 108.000000, 0.000000
4943718.114841, 2224896.594396, 869912.258713, 4064395.494861, 1013.000000, 782.000000, 635.000000, 766.000000, 623.000000, 336.000000, 107.000000, 0.000000
4964388.870596, 2186827.264557, 892051.743277, 4439224.070113, 1057.000000, 822.000000, 658.000000, 800.000000, 652.000000, 349.000000, 114.000000, 0.000000
5072766.294270, 2059206.898321, 851061.685643, 4423539.411718, 1071.000000, 849.000000, 637.000000, 813.000000, 659.000000, 360.000000, 110.000000, 0.000000
5003422.227895, 2423572.590077, 831728.901513, 4230302.541880, 1030.000000, 834.000000, 631.000000, 776.000000, 612.000000, 371.000000, 105.000000, 0.000000
4960643.416429, 2369767.181468, 864354.603057, 4120011.370487, 1038.000000, 829.000000, 637.000000, 781.000000, 651.000000, 345.000000, 110.000000, 0.000000
4792240.048126, 2358900.094350, 791699.293254, 4011950.971555, 1018.000000, 805.000000, 655.000000, 734.000000, 621.000000, 346.000000, 104.000000, 0.000000
4959171.178162, 2164754.134671, 971219.628468, 4262944.542238, 1044.000000, 819.000000, 713.000000, 778.000000, 627.000000, 364.000000, 111.000000, 0.000000
